"Titre","Description","Date","Cote","Fichier tif - 300 dpi","Fichier jpg - 200 dpi","Mention de crédits"
"Rue Saint-Antoine","En direction Est, à l'angle de la rue Saint-David (aujourd'hui disparue). On y aperçoit l'Édifice de The Gazette Printing Co ainsi que des panneaux-réclames de Magic Baking Powder et JJ Joubert Limitée.","Décennie 1920","VM94,SY,SS1,SSS17,D1","http://depot.ville.montreal.qc.ca/phototheque-archives/tiff/VM94-Z2.tif","http://depot.ville.montreal.qc.ca/phototheque-archives/jpeg/VM94-Z2.jpg","Archives de la Ville de Montréal"
"Parc Lafontaine","S/O","Décennie 1930","VM94,SY,SS1,SSS17,D2 ","http://depot.ville.montreal.qc.ca/phototheque-archives/tiff/VM94-Z3-4.tif","http://depot.ville.montreal.qc.ca/phototheque-archives/jpeg/VM94-Z3-4.jpg","Archives de la Ville de Montréal"
"Avenue du Mont-Royal ","En direction est, à partir de l'avenue Papineau. ",1928,"VM94,SY,SS1,SSS17,D3 ","http://depot.ville.montreal.qc.ca/phototheque-archives/tiff/VM94-Z4.tif","http://depot.ville.montreal.qc.ca/phototheque-archives/jpeg/VM94-Z4.jpg","Archives de la Ville de Montréal"
"Rue Drummond","En direction Nord, à partir de la rue Dorchester (devenue boulevard René-Lévesque). On y aperçoit l'enseigne commerciale du Dominion Square Garage de même que le mont Royal à l'arrière-plan.",1928,"VM94,SY,SS1,SSS17,D4","http://depot.ville.montreal.qc.ca/phototheque-archives/tiff/VM94-Z5-1.tif","http://depot.ville.montreal.qc.ca/phototheque-archives/jpeg/VM94-Z5-1.jpg","Archives de la Ville de Montréal"
"Rue Saint-Urbain","En direction Nord, à partir de la rue Vitré (devenue avenue Viger). On y aperçoit le commerce St-Urbain Liquor Grocery, propriété de S. Greenberg, et des enseignes commerciales des bières Ekers, Black Horse et Molson.",1928,"VM94,SY,SS1,SSS17,D5 ","http://depot.ville.montreal.qc.ca/phototheque-archives/tiff/VM94-Z6.tif","http://depot.ville.montreal.qc.ca/phototheque-archives/jpeg/VM94-Z6.jpg","Archives de la Ville de Montréal"
"Avenue du Mont-Royal ","En direction Est, à l'angle de l'avenue des Érables.  On y aperçoit l'édifice abritant le Club Delorimier, un tramway et plusieurs commerces.",1928,"VM94,SY,SS1,SSS17,D6","http://depot.ville.montreal.qc.ca/phototheque-archives/tiff/VM94-Z7-1.tif","http://depot.ville.montreal.qc.ca/phototheque-archives/jpeg/VM94-Z7-1.jpg","Archives de la Ville de Montréal"
"Avenue du Mont-Royal","En direction Ouest, à l'angle de la rue Saint-Denis. On y aperçoit la succursale Mont-Royal de la Banque Canadienne Nationale, un bureau de dentiste, un commerce United Cigar Stores, le Parisian Billard Parlor, l'édifice Carter Inx et un panneau-réclame des cigarettes Guinea Gold.",1928,"VM94,SY,SS1,SSS17,D7","http://depot.ville.montreal.qc.ca/phototheque-archives/tiff/VM94-Z8.tif","http://depot.ville.montreal.qc.ca/phototheque-archives/jpeg/VM94-Z8.jpg","Archives de la Ville de Montréal"
"Pont ferroviaire de la rue de La Montagne","Propriété de la Compagnie Canadienne Nationale des Chemins de Fer (Canadian National Railways).  ",1932,"VM94,SY,SS1,SSS17,D8","http://depot.ville.montreal.qc.ca/phototheque-archives/tiff/VM94-Z9-1.tif","http://depot.ville.montreal.qc.ca/phototheque-archives/jpeg/VM94-Z9-1.jpg","Archives de la Ville de Montréal"
"Rue Kelly (devenue boulevard Henri-Bourassa) avant son pavage","S/O",09-sept.-31,"VM94,SY,SS1,SSS17,D10","http://depot.ville.montreal.qc.ca/phototheque-archives/tiff/VM94-Z11.tif","http://depot.ville.montreal.qc.ca/phototheque-archives/jpeg/VM94-Z11.jpg","Archives de la Ville de Montréal"
"Boulevard Saint-Laurent ","En direction Nord, à partir de la rue Sherbrooke. On y aperçoit un policier faisant la circulation, la pharmacie A.F. Larose et la station-service United Auto Service (U.A.S.).",1932,"VM94,SY,SS1,SSS17,D11","http://depot.ville.montreal.qc.ca/phototheque-archives/tiff/VM94-Z12.tif","http://depot.ville.montreal.qc.ca/phototheque-archives/jpeg/VM94-Z12.jpg","Archives de la Ville de Montréal"
"Boulevard Saint-Laurent coin avenue des Pins","En direction Nord, à partir de la rue de l'Hôtel-Dieu (aujourd'hui avenue des Pins)  On y aperçoit l'édifice abritant le magasin d'alimentation Melachrino et l'Institut Sténographique Perreault au second étage; le salon de barbier Rex, plusieurs autres commerces et un lampadaire à arc.",1932,"VM94,SY,SS1,SSS17,D12","http://depot.ville.montreal.qc.ca/phototheque-archives/tiff/VM94-Z13-1.tif","http://depot.ville.montreal.qc.ca/phototheque-archives/jpeg/VM94-Z13-1.jpg","Archives de la Ville de Montréal"
"Square d'Youville","S/O","Décennie 1920","VM94,SY,SS1,SSS17,D14","http://depot.ville.montreal.qc.ca/phototheque-archives/tiff/VM94-Z15-1.tif","http://depot.ville.montreal.qc.ca/phototheque-archives/jpeg/VM94-Z15-1.jpg","Archives de la Ville de Montréal"
"Construction du Bain Mathieu (2915, rue Ontario Est)","S/O",1931,"VM94,SY,SS1,SSS17,D15","http://depot.ville.montreal.qc.ca/phototheque-archives/tiff/VM94-Z16-2.tif","http://depot.ville.montreal.qc.ca/phototheque-archives/jpeg/VM94-Z16-2.jpg","Archives de la Ville de Montréal"
"Policier à la circulation à l’angle des rues de l'Inspecteur et Saint-Jacques","On y aperçoit des panneaux-réclames des cigarettes Buckingham et Turret, le restaurant Matthew's Lunch, un salon de barbier et autres commerces.","Décennie 1930","VM94,SY,SS1,SSS17,D18","http://depot.ville.montreal.qc.ca/phototheque-archives/tiff/VM94-Z19.tif","http://depot.ville.montreal.qc.ca/phototheque-archives/jpeg/VM94-Z19.jpg","Archives de la Ville de Montréal"
"Palais de justice de Montréal (155, rue Notre-Dame Est)","Construit en 1851 et 1858 et devenu l’édifice Lucien-Saulnier appartenant à la Ville de Montréal.  On y aperçoit le monument Vauquelin.","Décennie 1920","VM94,SY,SS1,SSS17,D19","http://depot.ville.montreal.qc.ca/phototheque-archives/tiff/VM94-Z20.tif","http://depot.ville.montreal.qc.ca/phototheque-archives/jpeg/VM94-Z20.jpg","Archives de la Ville de Montréal"
"Hôtel de ville de Montréal (275, rue Notre-Dame Est)","Reconstruit entre 1922 et 1926, vue prise de la grille d'entrée du Château Ramezay.","Décennie 1930","VM94,SY,SS1,SSS17,D21","http://depot.ville.montreal.qc.ca/phototheque-archives/tiff/VM94-Z22.tif","http://depot.ville.montreal.qc.ca/phototheque-archives/jpeg/VM94-Z22.jpg","Archives de la Ville de Montréal"
"Ancien Marché Saint-Jacques (1125, rue Ontario Est)","On y aperçoit les étals des marchands Henri Desnoyers, Jos. Turgeon, G. Trudel, E. Lapointe, J.U. Bérubé, Jos. A. Giroux et P. Nadon.","Décennie 1920","VM94,SY,SS1,SSS17,D22","http://depot.ville.montreal.qc.ca/phototheque-archives/tiff/VM94-Z23-2.tif","http://depot.ville.montreal.qc.ca/phototheque-archives/jpeg/VM94-Z23-2.jpg","Archives de la Ville de Montréal"
"Rue McGill","En direction sud, à partir de la rue Notre-Dame.  On y aperçoit un tramway; les commerces Café Emile, L.P. Lazare & Co, Landau & Cormack, Imperial Mixture et W.J. Bush & Co; un panneau-réclame de Coca-Cola; de même qu'une vue partielle de l'édifice de la Banque Royale du Canada à la droite de l'image.","Décennie 1930","VM94,SY,SS1,SSS17,D23","http://depot.ville.montreal.qc.ca/phototheque-archives/tiff/VM94-Z24.tif","http://depot.ville.montreal.qc.ca/phototheque-archives/jpeg/VM94-Z24.jpg","Archives de la Ville de Montréal"
"Marché Saint-Jacques (1125 rue Ontario Est)","Construit en 1931.","Décennie 1930","VM94,SY,SS1,SSS17,D24","http://depot.ville.montreal.qc.ca/phototheque-archives/tiff/VM94-Z25-1.tif","http://depot.ville.montreal.qc.ca/phototheque-archives/jpeg/VM94-Z25-1.jpg","Archives de la Ville de Montréal"
"Usine de pompage et réservoir McTavish (815,rue McGregor - aujourd'hui avenue du Docteur-Penfield)","Mis en activité à partir de 1932.","Décennie 1930","VM94,SY,SS1,SSS17,D25","http://depot.ville.montreal.qc.ca/phototheque-archives/tiff/VM94-Z26.tif","http://depot.ville.montreal.qc.ca/phototheque-archives/jpeg/VM94-Z26.jpg","Archives de la Ville de Montréal"
"Marché Saint-Antoine (Côté nord de la rue Saint-Jacques près de la rue de la Montagne)","Construit en 1861 et démoli en 1933.","Décennie 1920","VM94,SY,SS1,SSS17,D26","http://depot.ville.montreal.qc.ca/phototheque-archives/tiff/VM94-Z27-1.tif","http://depot.ville.montreal.qc.ca/phototheque-archives/jpeg/VM94-Z27-1.jpg","Archives de la Ville de Montréal"
"Autopompe du Service des incendies de la Ville de Montréal.","Devant la Bibliothèque de la Ville de Montréal (620, rue Sherbrooke Est - devenu 1210, rue Sherbrooke Est).",avr.-25,"VM94,SY,SS1,SSS17,D33","http://depot.ville.montreal.qc.ca/phototheque-archives/tiff/VM94-Z34-2B.tif","http://depot.ville.montreal.qc.ca/phototheque-archives/jpeg/VM94-Z34-2B.jpg","Archives de la Ville de Montréal"
"Refuge Meurling (435 rue Champ-de-Mars)","File d'attente de chômeurs devant l'entrée du refuge lors de la crise économique des années 1930.",1933,"VM94,SY,SS1,SSS17,D34","http://depot.ville.montreal.qc.ca/phototheque-archives/tiff/VM94-Z35.tif","http://depot.ville.montreal.qc.ca/phototheque-archives/jpeg/VM94-Z35.jpg","Archives de la Ville de Montréal"
"Benne sur traîneau tirée par un cheval","S/O","Décennie 1930","VM94,SY,SS1,SSS17,D35","http://depot.ville.montreal.qc.ca/phototheque-archives/tiff/VM94-Z36-1.tif","http://depot.ville.montreal.qc.ca/phototheque-archives/jpeg/VM94-Z36-1.jpg","Archives de la Ville de Montréal"
"Chasse-neige utilisé par le Département de la voirie","S/O","Décennie 1930","VM94,SY,SS1,SSS17,D37","http://depot.ville.montreal.qc.ca/phototheque-archives/tiff/VM94-Z38-1B.tif","http://depot.ville.montreal.qc.ca/phototheque-archives/jpeg/VM94-Z38-1B.jpg","Archives de la Ville de Montréal"
"Pont ferroviaire de la rue Guy","S/O",1932,"VM94,SY,SS1,SSS17,D38","http://depot.ville.montreal.qc.ca/phototheque-archives/tiff/VM94-Z39.tif","http://depot.ville.montreal.qc.ca/phototheque-archives/jpeg/VM94-Z39.jpg","Archives de la Ville de Montréal"
"Cabaret Chinese Paradise Chop Suey (53-57, rue de La Gauchetière)","Localisé dans le quartier chinois de Montréal. ","Décennie 1930","VM94,SY,SS1,SSS17,D41","http://depot.ville.montreal.qc.ca/phototheque-archives/tiff/VM94-Z42-1.tif","http://depot.ville.montreal.qc.ca/phototheque-archives/jpeg/VM94-Z42-1.jpg","Archives de la Ville de Montréal"
"Aqueduc de Montréal (devenu usine de traitement Atwater - 3161, rue Joseph)","S/O","Décennie 1930","VM94,SY,SS1,SSS17,D57","http://depot.ville.montreal.qc.ca/phototheque-archives/tiff/VM94-Z58-1.tif","http://depot.ville.montreal.qc.ca/phototheque-archives/jpeg/VM94-Z58-1.jpg","Archives de la Ville de Montréal"
"Hôtel Mont-Royal (devenu Les Cours Mont-Royal - 1455, rue Peel)","S/O",09-avr.-36,"VM94,SY,SS1,SSS17,D58","http://depot.ville.montreal.qc.ca/phototheque-archives/tiff/VM94-Z59-1.tif","http://depot.ville.montreal.qc.ca/phototheque-archives/jpeg/VM94-Z59-1.jpg","Archives de la Ville de Montréal"
"Château Dufresne (4040, rue Sherbrooke Est, à l'angle du boulevard Pie IX)","Construit entre 1916 et 1918.",30-mars-36,"VM94,SY,SS1,SSS17,D59","http://depot.ville.montreal.qc.ca/phototheque-archives/tiff/VM94-Z60.tif","http://depot.ville.montreal.qc.ca/phototheque-archives/jpeg/VM94-Z60.jpg","Archives de la Ville de Montréal"
"American Can Company (2030-2032, boulevard Pie IX, à l'angle de la rue Ontario)","S/O",30-mars-36,"VM94,SY,SS1,SSS17,D63","http://depot.ville.montreal.qc.ca/phototheque-archives/tiff/VM94-Z64-1.tif","http://depot.ville.montreal.qc.ca/phototheque-archives/jpeg/VM94-Z64-1.jpg","Archives de la Ville de Montréal"
"Grand magasin Morgan’s (devenu La Baie- 587 rue Sainte-Catherine Ouest, entre les rues Union et Aylmer)","On y aperçoit les deux vespasiennes du square Phillips.",30-mars-36,"VM94,SY,SS1,SSS17,D65","http://depot.ville.montreal.qc.ca/phototheque-archives/tiff/VM94-Z66-1.tif","http://depot.ville.montreal.qc.ca/phototheque-archives/jpeg/VM94-Z66-1.jpg","Archives de la Ville de Montréal"
"Grand magasin Eaton's (677, rue Sainte-Catherine Ouest, à l'angle de la rue University)","S/O",30-mars-36,"VM94,SY,SS1,SSS17,D66","http://depot.ville.montreal.qc.ca/phototheque-archives/tiff/VM94-Z67.tif","http://depot.ville.montreal.qc.ca/phototheque-archives/jpeg/VM94-Z67.jpg","Archives de la Ville de Montréal"
"Grand magasin Simpson's (977,rue Sainte-Catherine Ouest, entre les rues Metcalfe et Mansfield)","À la gauche de l'image, on aperçoit une vue partielle du Hungarian Tokay Restaurant.",30-mars-36,"VM94,SY,SS1,SSS17,D68","http://depot.ville.montreal.qc.ca/phototheque-archives/tiff/VM94-Z69-1.tif","http://depot.ville.montreal.qc.ca/phototheque-archives/jpeg/VM94-Z69-1.jpg","Archives de la Ville de Montréal"
"Employé municipal de Département de l’incinération","S/O",28-sept.-37,"VM94,SY,SS1,SSS17,D71","http://depot.ville.montreal.qc.ca/phototheque-archives/tiff/VM94-Z72-1.tif","http://depot.ville.montreal.qc.ca/phototheque-archives/jpeg/VM94-Z72-1.jpg","Archives de la Ville de Montréal"
"Hôtel Berkeley (1188, rue Sherbrooke Ouest, entre les rues Drummond et Stanley)","Construit en 1928.",11-août-36,"VM94,SY,SS1,SSS17,D72","http://depot.ville.montreal.qc.ca/phototheque-archives/tiff/VM94-Z73-1.tif","http://depot.ville.montreal.qc.ca/phototheque-archives/jpeg/VM94-Z73-1.jpg","Archives de la Ville de Montréal"
"Pompier tenant un tuyau d'incendie","S/O","Décennie  1930","VM94,SY,SS1,SSS17,D78","http://depot.ville.montreal.qc.ca/phototheque-archives/tiff/VM94-Z79-1.tif","http://depot.ville.montreal.qc.ca/phototheque-archives/jpeg/VM94-Z79-1.jpg","Archives de la Ville de Montréal"
"Marché Atwater (110-154, avenue Atwater, entre les rues Saint-Ambroise et St-Emile)","Construit en 1932-1933.","Décennie 1930","VM94,SY,SS1,SSS17,D80","http://depot.ville.montreal.qc.ca/phototheque-archives/tiff/VM94-Z81-2.tif","http://depot.ville.montreal.qc.ca/phototheque-archives/jpeg/VM94-Z81-2.jpg","Archives de la Ville de Montréal"
"Marché Bonsecours vu de la rue des Commissaires (devenu rue de la Commune)","S/O",1922,"VM94,SY,SS1,SSS17,D82","http://depot.ville.montreal.qc.ca/phototheque-archives/tiff/VM94-Z83-B.tif","http://depot.ville.montreal.qc.ca/phototheque-archives/jpeg/VM94-Z83-B.jpg","Archives de la Ville de Montréal"
"Benne à traîneaux no. 214 du Département de l'incinération","S/O","Décennie 1930","VM94,SY,SS1,SSS17,D83","http://depot.ville.montreal.qc.ca/phototheque-archives/tiff/VM94-Z84-1.tif","http://depot.ville.montreal.qc.ca/phototheque-archives/jpeg/VM94-Z84-1.jpg","Archives de la Ville de Montréal"
"Bain Gallery (1310, rue Wellington)","S/O",02-mars-31,"VM94,SY,SS1,SSS17,D85","http://depot.ville.montreal.qc.ca/phototheque-archives/tiff/VM94-Z86-6.tif","http://depot.ville.montreal.qc.ca/phototheque-archives/jpeg/VM94-Z86-6.jpg","Archives de la Ville de Montréal"
"Fort de l'île Sainte-Hélène (aujourd'hui musée Stewart)","S/O",02-juil.-37,"VM94,SY,SS1,SSS17,D88,P2","http://depot.ville.montreal.qc.ca/phototheque-archives/tiff/VM94-Z89-2.tif","http://depot.ville.montreal.qc.ca/phototheque-archives/jpeg/VM94-Z89-2.jpg","Archives de la Ville de Montréal"
"Pont Jacques-Cartier","Prise de vue de la tour de Lévis.",02-juil.-37,"VM94,SY,SS1,SSS17,D88,P3","http://depot.ville.montreal.qc.ca/phototheque-archives/tiff/VM94-Z89-3.tif","http://depot.ville.montreal.qc.ca/phototheque-archives/jpeg/VM94-Z89-3.jpg","Archives de la Ville de Montréal"
"Tour de Lévis et blockhaus sur l’île Sainte-Hélène","Tour construite en 1936 et blockhaus construit une première fois en 1849 et incendié en juin 1997.",02-juil.-37,"VM94,SY,SS1,SSS17,D88,P5","http://depot.ville.montreal.qc.ca/phototheque-archives/tiff/VM94-Z89-5.tif","http://depot.ville.montreal.qc.ca/phototheque-archives/jpeg/VM94-Z89-5.jpg","Archives de la Ville de Montréal"
"Incinérateur Des Carrières (à l'arrière des écuries du 1500 rue des Carrières) ","S/O","Décennie 1930","VM94,SY,SS1,SSS17,D89","http://depot.ville.montreal.qc.ca/phototheque-archives/tiff/VM94-Z90-3.tif","http://depot.ville.montreal.qc.ca/phototheque-archives/jpeg/VM94-Z90-3.jpg","Archives de la Ville de Montréal"
"Caserne de pompiers no 30 (ancien hôtel de ville de Saint-Louis - 5, rue Laurier Ouest)","S/O","Décennie 1930","VM94,SY,SS1,SSS17,D92","http://depot.ville.montreal.qc.ca/phototheque-archives/tiff/VM94-Z93-B.tif","http://depot.ville.montreal.qc.ca/phototheque-archives/jpeg/VM94-Z93-B.jpg","Archives de la Ville de Montréal"
"Jeunes mères et leur enfant dans une clinique","S/O",1932,"VM94,SY,SS1,SSS17,D95,P4","http://depot.ville.montreal.qc.ca/phototheque-archives/tiff/VM94-Z96-4.tif","http://depot.ville.montreal.qc.ca/phototheque-archives/jpeg/VM94-Z96-4.jpg","Archives de la Ville de Montréal"
"Reconstruction de l'hôtel de ville de Montréal","Opérations de nettoyage et de reconstruction de l'hôtel de ville de Montréal après l'incendie de la nuit du 3 au 4 mars 1922.",1922,"VM94,SY,SS1,SSS17,D97","http://depot.ville.montreal.qc.ca/phototheque-archives/tiff/VM94-Z98-1.tif","http://depot.ville.montreal.qc.ca/phototheque-archives/jpeg/VM94-Z98-1.jpg","Archives de la Ville de Montréal"
"Chasse-neige du Département de la Voirie (Division Nord) tiré par un cheval","S/O","Décennie 1930","VM94,SY,SS1,SSS17,D98","http://depot.ville.montreal.qc.ca/phototheque-archives/tiff/VM94-Z99-1B.tif","http://depot.ville.montreal.qc.ca/phototheque-archives/jpeg/VM94-Z99-1B.jpg","Archives de la Ville de Montréal"
"Chasse-neige du Département de la Voirie (Division Nord) tiré par un cheval","S/O","Décennie 1930","VM94,SY,SS1,SSS17,D98","http://depot.ville.montreal.qc.ca/phototheque-archives/tiff/VM94-Z99-2B.tif","http://depot.ville.montreal.qc.ca/phototheque-archives/jpeg/VM94-Z99-2B.jpg","Archives de la Ville de Montréal"
"Chasse-neige du Département de la Voirie (Division Nord) tiré par un cheval","S/O","Décennie 1930","VM94,SY,SS1,SSS17,D98","http://depot.ville.montreal.qc.ca/phototheque-archives/tiff/VM94-Z99-4B.tif","http://depot.ville.montreal.qc.ca/phototheque-archives/jpeg/VM94-Z99-4B.jpg","Archives de la Ville de Montréal"
"Marché Saint-Laurent (aujourd'hui démoli - 1180, boulevard Saint-Laurent)","S/O","Décennie 1930","VM94,SY,SS1,SSS17,D99","http://depot.ville.montreal.qc.ca/phototheque-archives/tiff/VM94-Z100.tif","http://depot.ville.montreal.qc.ca/phototheque-archives/jpeg/VM94-Z100.jpg","Archives de la Ville de Montréal"
"Marché Maisonneuve (4375, rue Ontario Est, face au boulevard Morgan)","Construit en 1912 et 1914.","Décennie 1930","VM94,SY,SS1,SSS17,D100","http://depot.ville.montreal.qc.ca/phototheque-archives/tiff/VM94-Z101.tif","http://depot.ville.montreal.qc.ca/phototheque-archives/jpeg/VM94-Z101.jpg","Archives de la Ville de Montréal"
"Campagne de prévention dans une école primaire","S/O",13-mai-32,"VM94,SY,SS1,SSS17,D106,P7","http://depot.ville.montreal.qc.ca/phototheque-archives/tiff/VM94-Z107-7.tif","http://depot.ville.montreal.qc.ca/phototheque-archives/jpeg/VM94-Z107-7.jpg","Archives de la Ville de Montréal"
"Banque de Montréal sur la  Place d'Armes (119, rue St-Jacques)","Construite entre 1845 et 1847.",30-mars-36,"VM94,SY,SS1,SSS17,D108","http://depot.ville.montreal.qc.ca/phototheque-archives/tiff/VM94-Z109-1.tif","http://depot.ville.montreal.qc.ca/phototheque-archives/jpeg/VM94-Z109-1.jpg","Archives de la Ville de Montréal"
"Laiterie Mount Royal Dairies (1200, avenue Papineau)","S/O",30-mars-36,"VM94,SY,SS1,SSS17,D109","http://depot.ville.montreal.qc.ca/phototheque-archives/tiff/VM94-Z110-1.tif","http://depot.ville.montreal.qc.ca/phototheque-archives/jpeg/VM94-Z110-1.jpg","Archives de la Ville de Montréal"
"Brasserie Molson (1590, rue Notre-Dame Est)","On y aperçoit la rue Notre-Dame vers l'est et la structure du pont Jacques-Cartier.","1er avril 1936","VM94,SY,SS1,SSS17,D110","http://depot.ville.montreal.qc.ca/phototheque-archives/tiff/VM94-Z111.tif","http://depot.ville.montreal.qc.ca/phototheque-archives/jpeg/VM94-Z111.jpg","Archives de la Ville de Montréal"
"Eglise Saint-Pierre Saint-Pierre-Apôtre (1201, rue de la Visitation)","S/O","1er avril 1936","VM94,SY,SS1,SSS17,D112","http://depot.ville.montreal.qc.ca/phototheque-archives/tiff/VM94-Z113.tif","http://depot.ville.montreal.qc.ca/phototheque-archives/jpeg/VM94-Z113.jpg","Archives de la Ville de Montréal"
"Pharmacie Montréal (916, rue Ste-Catherine Est)","S/O","1er avril 1936","VM94,SY,SS1,SSS17,D114","http://depot.ville.montreal.qc.ca/phototheque-archives/tiff/VM94-Z115.tif","http://depot.ville.montreal.qc.ca/phototheque-archives/jpeg/VM94-Z115.jpg","Archives de la Ville de Montréal"
"Magasin Metropolitain Stores (5637, avenue du Parc)","S/O","1er avril 1936","VM94,SY,SS1,SSS17,D117","http://depot.ville.montreal.qc.ca/phototheque-archives/tiff/VM94-Z118.tif","http://depot.ville.montreal.qc.ca/phototheque-archives/jpeg/VM94-Z118.jpg","Archives de la Ville de Montréal"
"Cinéma Rialto (5723, avenue du Parc)","S/O","1er avril 1936","VM94,SY,SS1,SSS17,D118","http://depot.ville.montreal.qc.ca/phototheque-archives/tiff/VM94-Z119.tif","http://depot.ville.montreal.qc.ca/phototheque-archives/jpeg/VM94-Z119.jpg","Archives de la Ville de Montréal"
"Ecole des Hautes Études Commerciales (devenu Centre d’archives de Montréal de BAnQ - 535, rue Vitré – devenu rue Viger).","S/O",08-avr.-36,"VM94,SY,SS1,SSS17,D119","http://depot.ville.montreal.qc.ca/phototheque-archives/tiff/VM94-Z120.tif","http://depot.ville.montreal.qc.ca/phototheque-archives/jpeg/VM94-Z120.jpg","Archives de la Ville de Montréal"
"Hôpital Saint-Luc (devenu CHUM - 1058, rue Saint-Denis) ","S/O",08-avr.-36,"VM94,SY,SS1,SSS17,D120","http://depot.ville.montreal.qc.ca/phototheque-archives/tiff/VM94-Z121.tif","http://depot.ville.montreal.qc.ca/phototheque-archives/jpeg/VM94-Z121.jpg","Archives de la Ville de Montréal"
"Cinéma Château (6956, rue Saint-Denis, à l'angle de la rue Bélanger)","Construit en 1931.",08-avr.-36,"VM94,SY,SS1,SSS17,D124","http://depot.ville.montreal.qc.ca/phototheque-archives/tiff/VM94-Z125.tif","http://depot.ville.montreal.qc.ca/phototheque-archives/jpeg/VM94-Z125.jpg","Archives de la Ville de Montréal"
"Institut des sourds et muets (7400, boulevard Saint-Laurent)","S/O",08-avr.-36,"VM94,SY,SS1,SSS17,D125","http://depot.ville.montreal.qc.ca/phototheque-archives/tiff/VM94-Z126.tif","http://depot.ville.montreal.qc.ca/phototheque-archives/jpeg/VM94-Z126.jpg","Archives de la Ville de Montréal"
"Young Men's Christian Association (YMCA) (5550, avenue du Parc, à l'angle de la rue St-Viateur)","On y voit un espace de stationnement réservé aux taxis de la compagnie Diamond sur la rue Saint-Viateur.",08-avr.-36,"VM94,SY,SS1,SSS17,D126","http://depot.ville.montreal.qc.ca/phototheque-archives/tiff/VM94-Z127.tif","http://depot.ville.montreal.qc.ca/phototheque-archives/jpeg/VM94-Z127.jpg","Archives de la Ville de Montréal"
"Sir Mortimer-B. Davis Memorial Building (265, rue Mont-Royal Ouest, à l'angle de la rue Jeanne Mance)","Édifice occupé par The Young Men's Hebrew Association (YMHA)",08-avr.-36,"VM94,SY,SS1,SSS17,D127","http://depot.ville.montreal.qc.ca/phototheque-archives/tiff/VM94-Z128.tif","http://depot.ville.montreal.qc.ca/phototheque-archives/jpeg/VM94-Z128.jpg","Archives de la Ville de Montréal"
"Basilique Notre-Dame (116, rue Notre-Dame Ouest)","Au premier plan, on remarque la place d'Armes, le monument Maisonneuve ainsi que l'entrée des deux vespasiennes de la place.",08-avr.-36,"VM94,SY,SS1,SSS17,D128","http://depot.ville.montreal.qc.ca/phototheque-archives/tiff/VM94-Z129.tif","http://depot.ville.montreal.qc.ca/phototheque-archives/jpeg/VM94-Z129.jpg","Archives de la Ville de Montréal"
"Gare Jean-Talon (7255, rue Hutchison)","S/O",09-avr.-36,"VM94,SY,SS1,SSS17,D131","http://depot.ville.montreal.qc.ca/phototheque-archives/tiff/VM94-Z132-1.tif","http://depot.ville.montreal.qc.ca/phototheque-archives/jpeg/VM94-Z132-1.jpg","Archives de la Ville de Montréal"
"Usine de nettoyage The New Method Washing Limited (6455, rue Christophe-Colomb)","S/O",09-avr.-36,"VM94,SY,SS1,SSS17,D132","http://depot.ville.montreal.qc.ca/phototheque-archives/tiff/VM94-Z133-1.tif","http://depot.ville.montreal.qc.ca/phototheque-archives/jpeg/VM94-Z133-1.jpg","Archives de la Ville de Montréal"
"Stade Delorimier (2101-2109, rue Ontario Est)","S/O",09-avr.-36,"VM94,SY,SS1,SSS17,D134","http://depot.ville.montreal.qc.ca/phototheque-archives/tiff/VM94-Z135-1.tif","http://depot.ville.montreal.qc.ca/phototheque-archives/jpeg/VM94-Z135-1.jpg","Archives de la Ville de Montréal"
"Bain Maisonneuve (devenu bain Morgan - 1875, boulevard Morgan)","Construit entre 1914 et 1916.",09-avr.-36,"VM94,SY,SS1,SSS17,D135","http://depot.ville.montreal.qc.ca/phototheque-archives/tiff/VM94-Z136.tif","http://depot.ville.montreal.qc.ca/phototheque-archives/jpeg/VM94-Z136.jpg","Archives de la Ville de Montréal"
"Marché Maisonneuve (4445, rue Ontario Est)","Arrière du marché construit en 1912 et 1914, prise de la voie ferrée.",09-avr.-36,"VM94,SY,SS1,SSS17,D136","http://depot.ville.montreal.qc.ca/phototheque-archives/tiff/VM94-Z137-1.tif","http://depot.ville.montreal.qc.ca/phototheque-archives/jpeg/VM94-Z137-1.jpg","Archives de la Ville de Montréal"
"Musée des Beaux-Arts de Montréal (1379, rue Sherbrooke Ouest)","Construit en 1912.",26-mars-36,"VM94,SY,SS1,SSS17,D141","http://depot.ville.montreal.qc.ca/phototheque-archives/tiff/VM94-Z142-1.tif","http://depot.ville.montreal.qc.ca/phototheque-archives/jpeg/VM94-Z142-1.jpg","Archives de la Ville de Montréal"
"Medical Art Building (1538, rue Sherbrooke Ouest, à l'angle de la rue Guy)","S/O",26-mars-36,"VM94,SY,SS1,SSS17,D142","http://depot.ville.montreal.qc.ca/phototheque-archives/tiff/VM94-Z143-1.tif","http://depot.ville.montreal.qc.ca/phototheque-archives/jpeg/VM94-Z143-1.jpg","Archives de la Ville de Montréal"
"Hôpital Général de Montréal (2300, rue Tupper)","S/O",26-mars-36,"VM94,SY,SS1,SSS17,D144","http://depot.ville.montreal.qc.ca/phototheque-archives/tiff/VM94-Z145.tif","http://depot.ville.montreal.qc.ca/phototheque-archives/jpeg/VM94-Z145.jpg","Archives de la Ville de Montréal"
"Édifice Keefer (1440, rue Sainte-Catherine Ouest)","On y voit le His Majesty's Cafe et la cordonnerie Modem Shoe Repairing Company.",26-mars-36,"VM94,SY,SS1,SSS17,D145","http://depot.ville.montreal.qc.ca/phototheque-archives/tiff/VM94-Z146.tif","http://depot.ville.montreal.qc.ca/phototheque-archives/jpeg/VM94-Z146.jpg","Archives de la Ville de Montréal"
"Édifice de Canada Cement Company (606, rue Cathcart)","On y aperçoit une partie du monument Edouard VII et du square Phillips.",27-mars-36,"VM94,SY,SS1,SSS17,D146","http://depot.ville.montreal.qc.ca/phototheque-archives/tiff/VM94-Z147.tif","http://depot.ville.montreal.qc.ca/phototheque-archives/jpeg/VM94-Z147.jpg","Archives de la Ville de Montréal"
"Marché Saint-Laurent  (1180, boulevard Saint-Laurent, à l'angle de la rue Dorchester – devenue boulevard René-Lévesque)","Construit en 1932 et démoli en 1963.",16-sept.-32,"VM94,SY,SS1,SSS17,D153","http://depot.ville.montreal.qc.ca/phototheque-archives/tiff/VM94-Z154-2.tif","http://depot.ville.montreal.qc.ca/phototheque-archives/jpeg/VM94-Z154-2.jpg","Archives de la Ville de Montréal"
"Cour de pierres à bordure près de l'incinérateur de la rue Carrières","S/O",24-juil.-32,"VM94,SY,SS1,SSS17,D155","http://depot.ville.montreal.qc.ca/phototheque-archives/tiff/VM94-Z156-5.tif","http://depot.ville.montreal.qc.ca/phototheque-archives/jpeg/VM94-Z156-5.jpg","Archives de la Ville de Montréal"
"Marché Saint-Jean-Baptiste (4203, boulevard Saint-Laurent)","Construit en 1908 et démoli en 1966.","Décennie 1930","VM94,SY,SS1,SSS17,D156","http://depot.ville.montreal.qc.ca/phototheque-archives/tiff/VM94-Z157-1.tif","http://depot.ville.montreal.qc.ca/phototheque-archives/jpeg/VM94-Z157-1.jpg","Archives de la Ville de Montréal"
"Escalier de bois menant au mont Royal et situé en face de la rue Stanley","S/O","Décennie 1930","VM94,SY,SS1,SSS17,D157","http://depot.ville.montreal.qc.ca/phototheque-archives/tiff/VM94-Z158.tif","http://depot.ville.montreal.qc.ca/phototheque-archives/jpeg/VM94-Z158.jpg","Archives de la Ville de Montréal"
"Plage de l'île Sainte-Hélène","S/O","Décennie 1930","VM94,SY,SS1,SSS17,D158","http://depot.ville.montreal.qc.ca/phototheque-archives/tiff/VM94-Z159-1.tif","http://depot.ville.montreal.qc.ca/phototheque-archives/jpeg/VM94-Z159-1.jpg","Archives de la Ville de Montréal"
"Vue d’ensemble du parc La Fontaine","S/O",1935,"VM94,SY,SS1,SSS17,D160","http://depot.ville.montreal.qc.ca/phototheque-archives/tiff/VM94-Z161-1.tif","http://depot.ville.montreal.qc.ca/phototheque-archives/jpeg/VM94-Z161-1.jpg","Archives de la Ville de Montréal"
"Étang du parc La Fontaine","S/O",1935,"VM94,SY,SS1,SSS17,D160","http://depot.ville.montreal.qc.ca/phototheque-archives/tiff/VM94-Z161-2.tif","http://depot.ville.montreal.qc.ca/phototheque-archives/jpeg/VM94-Z161-2.jpg","Archives de la Ville de Montréal"
"Pont Degrelle du parc La Fontaine","S/O",1935,"VM94,SY,SS1,SSS17,D160","http://depot.ville.montreal.qc.ca/phototheque-archives/tiff/VM94-Z161-4.tif","http://depot.ville.montreal.qc.ca/phototheque-archives/jpeg/VM94-Z161-4.jpg","Archives de la Ville de Montréal"
"Portes Roddick et entrée principale de l'Université McGill","S/O","Décennie 1930","VM94,SY,SS1,SSS17,D162,P3","http://depot.ville.montreal.qc.ca/phototheque-archives/tiff/VM94-Z163-3.tif","http://depot.ville.montreal.qc.ca/phototheque-archives/jpeg/VM94-Z163-3.jpg","Archives de la Ville de Montréal"
"Boulevard Saint-Joseph","En direction Ouest, à partir de la rue Marquette.",1937,"VM94,SY,SS1,SSS17,D164","http://depot.ville.montreal.qc.ca/phototheque-archives/tiff/VM94-Z165.tif","http://depot.ville.montreal.qc.ca/phototheque-archives/jpeg/VM94-Z165.jpg","Archives de la Ville de Montréal"
"Rue Des Commissaires (devenue rue de la Commune)","En direction est, à partir de la rue Saint-Pierre. On y voit l'édifice du Catholic Sailor's Club, les entrepôts de la compagnie Blaiklock Bros. Limited de même qu'une section de la voie ferrée.",1936,"VM94,SY,SS1,SSS17,D166","http://depot.ville.montreal.qc.ca/phototheque-archives/tiff/VM94-Z167-1.tif","http://depot.ville.montreal.qc.ca/phototheque-archives/jpeg/VM94-Z167-1.jpg","Archives de la Ville de Montréal"
"Pont Jacques-Cartier ","S/O","Années 1930","VM94,SY,SS1,SSS17,D167","http://depot.ville.montreal.qc.ca/phototheque-archives/tiff/VM94-Z168-1.tif","http://depot.ville.montreal.qc.ca/phototheque-archives/jpeg/VM94-Z168-1.jpg","Archives de la Ville de Montréal"
"Port de Montréal","S/O","Années 1930","VM94,SY,SS1,SSS17,D167","S/O","http://depot.ville.montreal.qc.ca/phototheque-archives/jpeg/VM94-Z168-2.jpg","Archives de la Ville de Montréal"
"Hôtel Ford (1425, boulevard Dorchester Ouest, devenu boulevard René-Lévesque)","Construit en 1929.  De 1948 à à 1970, cet édifice est occupé par la Société Radio-Canada. On y aperçoit le Bishop Grill de même que deux maisons de chambres.",10-août-36,"VM94,SY,SS1,SSS17,D170","http://depot.ville.montreal.qc.ca/phototheque-archives/tiff/VM94-Z171.tif","http://depot.ville.montreal.qc.ca/phototheque-archives/jpeg/VM94-Z171.jpg","Archives de la Ville de Montréal"
"Hôtel Windsor (1170, rue Peel, à l'angle de la rue Cypress)","On y voit l'enseigne de l'organisme Sons of England qui a son quartier général à l'hôtel.",10-août-36,"VM94,SY,SS1,SSS17,D171","http://depot.ville.montreal.qc.ca/phototheque-archives/tiff/VM94-Z172-2.tif","http://depot.ville.montreal.qc.ca/phototheque-archives/jpeg/VM94-Z172-2.jpg","Archives de la Ville de Montréal"
"Hôtel Ritz-Carlton (1228, rue Sherbrooke Ouest, entre les rues Drummond et de la Montagne)","Construit en 1912.",26-mars-36,"VM94,SY,SS1,SSS17,D172","http://depot.ville.montreal.qc.ca/phototheque-archives/tiff/VM94-Z173-1.tif","http://depot.ville.montreal.qc.ca/phototheque-archives/jpeg/VM94-Z173-1.jpg","Archives de la Ville de Montréal"
"Dominion Square Building (1010, rue Sainte-Catherine Ouest, entre les rues Peel et Metcalfe)","Construit en 1928.  On y aperçoit les enseignes commerciales des magasins Harmony, Goristine Furs et Kodaks.  On y voit aussi un kiosque d'information de l'Office provincial du tourisme.",26-mars-36,"VM94,SY,SS1,SSS17,D173","http://depot.ville.montreal.qc.ca/phototheque-archives/tiff/VM94-Z174-1.tif","http://depot.ville.montreal.qc.ca/phototheque-archives/jpeg/VM94-Z174-1.jpg","Archives de la Ville de Montréal"
"Cathédrale Saint-Jacques-le-Majeur (aujourd'hui cathédrale Maie-Reine-du-Monde - boulevard Dorchester Ouest, aujourd'hui boulevard René-Lévesque Ouest)","S/O",26-mars-36,"VM94,SY,SS1,SSS17,D174","http://depot.ville.montreal.qc.ca/phototheque-archives/tiff/VM94-Z175-1.tif","http://depot.ville.montreal.qc.ca/phototheque-archives/jpeg/VM94-Z175-1.jpg","Archives de la Ville de Montréal"
"Bibliothèque Saint-Sulpice (devenue Bibliothèque nationale du Québec- 1700, rue Saint-Denis)","Inaugurée en 1915 et fermée en 1931.",08-avr.-36,"VM94,SY,SS1,SSS17,D175","http://depot.ville.montreal.qc.ca/phototheque-archives/tiff/VM94-Z176-1.tif","http://depot.ville.montreal.qc.ca/phototheque-archives/jpeg/VM94-Z176-1.jpg","Archives de la Ville de Montréal"
"Immeuble d'habitation Le Château (1321, rue Sherbrooke Ouest)","Construit entre 1924 et 1926.",26-mars-36,"VM94,SY,SS1,SSS17,D176","http://depot.ville.montreal.qc.ca/phototheque-archives/tiff/VM94-Z177-1.tif","http://depot.ville.montreal.qc.ca/phototheque-archives/jpeg/VM94-Z177-1.jpg","Archives de la Ville de Montréal"
"Bassin et fontaine du parc La Fontaine","S/O","Décennie 1930","VM94,SY,SS1,SSS17,D177,P1","http://depot.ville.montreal.qc.ca/phototheque-archives/tiff/VM94-Z178-1.tif","http://depot.ville.montreal.qc.ca/phototheque-archives/jpeg/VM94-Z178-1.jpg","Archives de la Ville de Montréal"
"Rue Saint-Hubert","En direction Nord, à partir de la rue Saint-Zotique. On y voit la pharmacie Roussin, le Salon Colette, D.D. Vallière Bijoutier, la boucherie S.Rosenfeld,la Pâtisserie Marathon, les nettoyeurs tailleurs Paul et des enseignes d'autres commerces.",04-oct.-37,"VM94,SY,SS1,SSS17,D178,P3","http://depot.ville.montreal.qc.ca/phototheque-archives/tiff/VM94-Z179-3.tif","http://depot.ville.montreal.qc.ca/phototheque-archives/jpeg/VM94-Z179-3.jpg","Archives de la Ville de Montréal"
"Construction de l’Hôtel Laurentien (angle des rues Peel et Dorchester  - aujourd'hui boulevard René-Lévesque)","S/O",25-avr.-47,"VM94,SY,SS1,SSS17,D180,P3","http://depot.ville.montreal.qc.ca/phototheque-archives/tiff/VM94-Z181-3.tif","http://depot.ville.montreal.qc.ca/phototheque-archives/jpeg/VM94-Z181-3.jpg","Archives de la Ville de Montréal"
"Rue Osborne (aujourd'hui de Lagauchetière)","Prise à l'angle de la rue Stanley, à partir de la gare Windsor. On y voit la maison de chambres Majestic Rooms, l'épicerie Osborne et le Laphkas Bowling Academy.",25-avr.-47,"VM94,SY,SS1,SSS17,D180,P4","http://depot.ville.montreal.qc.ca/phototheque-archives/tiff/VM94-Z181-4.tif","http://depot.ville.montreal.qc.ca/phototheque-archives/jpeg/VM94-Z181-4.jpg","Archives de la Ville de Montréal"
"Église Saint-Georges (1086, rue Osborne - devenu rue de Lagauchetière)","S/O",25-avr.-47,"VM94,SY,SS1,SSS17,D180,P5","http://depot.ville.montreal.qc.ca/phototheque-archives/tiff/VM94-Z181-5.tif","http://depot.ville.montreal.qc.ca/phototheque-archives/jpeg/VM94-Z181-5.jpg","Archives de la Ville de Montréal"
"Maison Frederick Thomas Judah (1980, rue Dorchester Ouest - devenu boulevard René-Lévesque)","Construite en 1876.",04-oct.-45,"VM94,SY,SS1,SSS17,D183,P9","http://depot.ville.montreal.qc.ca/phototheque-archives/tiff/VM94-Z184-9.tif","http://depot.ville.montreal.qc.ca/phototheque-archives/jpeg/VM94-Z184-9.jpg","Archives de la Ville de Montréal"
"Ruines de l’Église Knox Crescent Presbyterian Church (rue Dorchester Ouest - aujourd'hui boulevard René-Lévesque Ouest - angle de la rue Crescent)","Prise du coin de la rue de l'Aqueduc.",04-oct.-45,"VM94,SY,SS1,SSS17,D183,P11","http://depot.ville.montreal.qc.ca/phototheque-archives/tiff/VM94-Z184-11.tif","http://depot.ville.montreal.qc.ca/phototheque-archives/jpeg/VM94-Z184-11.jpg","Archives de la Ville de Montréal"
"Garage Tilden Drive Yourself et Hertz Dri-Ur-Self System (situé à l'intersection des rues Dorchester Ouest – devenu boulevard René-Lévesque Ouest - et Windsor  - devenu rue Peel)","Garage spécialisé dans la location de voitures. On y voit des panneaux-réclames de White Rose Gasoline Catelli Egg Noodles fabriqués par la compagnie Claude Neon.",04-oct.-45,"VM94,SY,SS1,SSS17,D183,P14","http://depot.ville.montreal.qc.ca/phototheque-archives/tiff/VM94-Z184-14.tif","http://depot.ville.montreal.qc.ca/phototheque-archives/jpeg/VM94-Z184-14.jpg","Archives de la Ville de Montréal"
"Construction du tunnel et du pont ferroviaire de la rue Moreau","S/O","Décennie 1930","VM94,SY,SS1,SSS17,D189","http://depot.ville.montreal.qc.ca/phototheque-archives/tiff/VM94-Z190-1.tif","http://depot.ville.montreal.qc.ca/phototheque-archives/jpeg/VM94-Z190-1.jpg","Archives de la Ville de Montréal"
"Policier à la circulation au coin des rues Saint-Luc et Saint-Mathieu","S/O",04-mai-38,"VM94,SY,SS1,SSS17,D198","http://depot.ville.montreal.qc.ca/phototheque-archives/tiff/VM94-Z199-1.tif","http://depot.ville.montreal.qc.ca/phototheque-archives/jpeg/VM94-Z199-1.jpg","Archives de la Ville de Montréal"
"Pompiers à bord d'un véhicule équipé de la grande échelle devant la caserne no 10 (1684, rue Saint-Luc - devenu boulevard de Maisonneuve Ouest)","S/O",04-mai-38,"VM94,SY,SS1,SSS17,D198","http://depot.ville.montreal.qc.ca/phototheque-archives/tiff/VM94-Z199-5.tif","http://depot.ville.montreal.qc.ca/phototheque-archives/jpeg/VM94-Z199-5.jpg","Archives de la Ville de Montréal"
